{
  "timestamp": "2025-09-30T08:35:00Z",
  "overall_summary": {
    "total_files_analyzed": 4,
    "average_coverage": 25.4514924793337,
    "low_coverage_files": 4,
    "files_needing_attention": [
      "phase4_meta_agent_api.py",
      "phase5_data_intelligence_api.py",
      "phase6_security_governance_api.py",
      "phase7_startup.py"
    ]
  },
  "file_analysis": {
    "phase4_meta_agent_api.py": {
      "coverage_percent": 39.58333333333333,
      "total_statements": 192,
      "missing_statements": 116,
      "missing_lines": [
        65,
        66,
        67,
        70,
        71,
        74,
        77,
        78,
        79,
        82,
        83,
        84,
        86,
        100,
        101,
        102,
        108,
        112,
        124,
        136,
        137,
        139,
        140,
        141,
        142,
        143,
        145,
        155,
        157,
        158,
        159,
        160,
        161,
        162,
        164,
        168,
        170,
        171,
        172,
        176,
        177,
        178,
        180,
        181,
        185,
        186,
        187,
        189,
        199,
        200,
        204,
        206,
        207,
        208,
        210,
        221,
        222,
        224,
        226,
        243,
        245,
        247,
        252,
        257,
        267,
        269,
        279,
        280,
        282,
        283,
        285,
        300,
        301,
        313,
        334,
        336,
        346,
        348,
        361,
        365,
        369,
        373,
        377,
        381,
        382,
        384,
        385,
        386,
        387,
        388,
        390,
        391,
        409,
        410,
        411,
        412,
        414,
        418,
        419,
        420,
        422,
        423,
        424,
        425,
        426,
        428,
        439,
        440,
        441,
        442,
        444,
        445,
        446,
        447,
        449,
        452
      ],
      "missing_branches": "65-108, 112, 124, 136-145, 155-164, 168-200, 204-210, 221-226, 243-269, 279-301, 313, 334-348, 361, 365, 369, 373, 377, 381-449, 452",
      "recommendations": [
        "CRITICAL: Very low coverage - needs comprehensive unit tests"
      ]
    },
    "phase5_data_intelligence_api.py": {
      "coverage_percent": 36.41618497109826,
      "total_statements": 173,
      "missing_statements": 110,
      "missing_lines": [
        50,
        52,
        53,
        55,
        56,
        62,
        63,
        65,
        77,
        79,
        89,
        90,
        92,
        121,
        131,
        133,
        165,
        184,
        186,
        187,
        189,
        190,
        191,
        192,
        193,
        195,
        196,
        197,
        199,
        213,
        215,
        225,
        226,
        228,
        249,
        253,
        254,
        255,
        257,
        299,
        301,
        325,
        326,
        327,
        329,
        331,
        354,
        366,
        377,
        388,
        390,
        391,
        399,
        400,
        408,
        409,
        417,
        423,
        427,
        431,
        435,
        439,
        443,
        447,
        451,
        452,
        454,
        455,
        467,
        468,
        469,
        470,
        472,
        473,
        474,
        476,
        477,
        483,
        484,
        485,
        486,
        488,
        489,
        497,
        498,
        499,
        500,
        502,
        503,
        504,
        505,
        507,
        508,
        515,
        516,
        517,
        518,
        520,
        521,
        522,
        523,
        524,
        525,
        527,
        528,
        529,
        530,
        531,
        533,
        536
      ],
      "missing_branches": "50-79, 89-121, 131-165, 184-215, 225-249, 253-301, 325-331, 354, 366, 377, 388-417, 423, 427, 431, 435, 439, 443, 447, 451-533, 536",
      "recommendations": [
        "CRITICAL: Very low coverage - needs comprehensive unit tests"
      ]
    },
    "phase6_security_governance_api.py": {
      "coverage_percent": 25.806451612903224,
      "total_statements": 372,
      "missing_statements": 276,
      "missing_lines": [
        69,
        70,
        71,
        72,
        73,
        75,
        77,
        79,
        81,
        93,
        95,
        108,
        110,
        111,
        112,
        114,
        115,
        117,
        118,
        120,
        121,
        123,
        125,
        129,
        130,
        132,
        136,
        137,
        139,
        140,
        141,
        143,
        144,
        145,
        147,
        148,
        149,
        150,
        152,
        153,
        154,
        156,
        157,
        158,
        160,
        168,
        169,
        170,
        171,
        172,
        173,
        175,
        179,
        181,
        182,
        187,
        188,
        195,
        196,
        204,
        221,
        223,
        225,
        227,
        238,
        239,
        240,
        242,
        243,
        245,
        247,
        251,
        259,
        260,
        261,
        263,
        264,
        265,
        267,
        268,
        269,
        271,
        272,
        273,
        274,
        276,
        278,
        280,
        284,
        291,
        295,
        296,
        298,
        299,
        301,
        302,
        304,
        305,
        307,
        311,
        313,
        314,
        321,
        322,
        328,
        329,
        335,
        342,
        346,
        348,
        349,
        350,
        352,
        353,
        355,
        356,
        357,
        359,
        361,
        373,
        375,
        386,
        388,
        398,
        399,
        400,
        401,
        402,
        403,
        405,
        409,
        410,
        411,
        412,
        414,
        418,
        419,
        420,
        421,
        422,
        423,
        424,
        425,
        426,
        427,
        429,
        447,
        449,
        450,
        451,
        453,
        471,
        473,
        475,
        479,
        496,
        512,
        529,
        533,
        535,
        536,
        537,
        539,
        545,
        554,
        558,
        560,
        561,
        562,
        563,
        564,
        565,
        566,
        568,
        578,
        579,
        581,
        588,
        589,
        591,
        592,
        593,
        594,
        595,
        596,
        597,
        598,
        600,
        601,
        602,
        603,
        604,
        605,
        606,
        607,
        608,
        609,
        611,
        613,
        625,
        629,
        631,
        632,
        633,
        635,
        636,
        638,
        639,
        640,
        641,
        642,
        643,
        644,
        646,
        656,
        657,
        659,
        666,
        667,
        669,
        670,
        671,
        672,
        673,
        675,
        676,
        677,
        678,
        679,
        681,
        693,
        697,
        701,
        705,
        706,
        708,
        709,
        721,
        722,
        723,
        724,
        725,
        727,
        728,
        740,
        741,
        742,
        743,
        744,
        746,
        747,
        758,
        764,
        765,
        766,
        767,
        768,
        770,
        771,
        772,
        774,
        775,
        782,
        783,
        784,
        785,
        786,
        787,
        788,
        790,
        791,
        792,
        793,
        794,
        796,
        799
      ],